--
-- PostgreSQL database dump
--

-- Dumped from database version 16.4 (Debian 16.4-1.pgdg110+2)
-- Dumped by pg_dump version 16.4 (Debian 16.4-1.pgdg110+2)

SET statement_timeout = 0;
SET lock_timeout = 0;
SET idle_in_transaction_session_timeout = 0;
SET client_encoding = 'UTF8';
SET standard_conforming_strings = on;
SELECT pg_catalog.set_config('search_path', '', false);
SET check_function_bodies = false;
SET xmloption = content;
SET client_min_messages = warning;
SET row_security = off;

--
-- Name: citext; Type: EXTENSION; Schema: -; Owner: -
--

CREATE EXTENSION IF NOT EXISTS citext WITH SCHEMA public;


--
-- Name: EXTENSION citext; Type: COMMENT; Schema: -; Owner: 
--

COMMENT ON EXTENSION citext IS 'data type for case-insensitive character strings';


--
-- Name: postgis; Type: EXTENSION; Schema: -; Owner: -
--

CREATE EXTENSION IF NOT EXISTS postgis WITH SCHEMA extensions;


--
-- Name: EXTENSION postgis; Type: COMMENT; Schema: -; Owner: 
--

COMMENT ON EXTENSION postgis IS 'PostGIS geometry and geography spatial types and functions';


--
-- Name: approval_status; Type: TYPE; Schema: public; Owner: postgres
--

CREATE TYPE public.approval_status AS ENUM (
    'pending',
    'approved',
    'rejected'
);


ALTER TYPE public.approval_status OWNER TO postgres;

SET default_tablespace = '';

SET default_table_access_method = heap;

--
-- Name: observation_photos; Type: TABLE; Schema: public; Owner: postgres
--

CREATE TABLE public.observation_photos (
    id integer NOT NULL,
    observation_id integer NOT NULL,
    uploaded_by_user_id integer NOT NULL,
    storage_key character varying NOT NULL,
    created_at timestamp with time zone DEFAULT now() NOT NULL,
    approval_status public.approval_status DEFAULT 'pending'::public.approval_status NOT NULL
);


ALTER TABLE public.observation_photos OWNER TO postgres;

--
-- Name: observation_photos_id_seq; Type: SEQUENCE; Schema: public; Owner: postgres
--

ALTER TABLE public.observation_photos ALTER COLUMN id ADD GENERATED BY DEFAULT AS IDENTITY (
    SEQUENCE NAME public.observation_photos_id_seq
    START WITH 1
    INCREMENT BY 1
    NO MINVALUE
    NO MAXVALUE
    CACHE 1
);


--
-- Name: observations; Type: TABLE; Schema: public; Owner: postgres
--

CREATE TABLE public.observations (
    id integer NOT NULL,
    tree_id integer NOT NULL,
    created_by_user_id integer NOT NULL,
    title character varying,
    note_text text,
    observed_at timestamp with time zone,
    created_at timestamp with time zone DEFAULT now() NOT NULL,
    approval_status public.approval_status DEFAULT 'pending'::public.approval_status NOT NULL
);


ALTER TABLE public.observations OWNER TO postgres;

--
-- Name: observations_id_seq; Type: SEQUENCE; Schema: public; Owner: postgres
--

ALTER TABLE public.observations ALTER COLUMN id ADD GENERATED BY DEFAULT AS IDENTITY (
    SEQUENCE NAME public.observations_id_seq
    START WITH 1
    INCREMENT BY 1
    NO MINVALUE
    NO MAXVALUE
    CACHE 1
);


--
-- Name: sessions; Type: TABLE; Schema: public; Owner: postgres
--

CREATE TABLE public.sessions (
    id integer NOT NULL,
    user_id integer NOT NULL,
    refresh_token_hash character varying NOT NULL,
    expires_at timestamp with time zone NOT NULL,
    last_used_at timestamp with time zone,
    revoked_at timestamp with time zone,
    device_label character varying,
    user_agent character varying,
    ip_address character varying,
    created_at timestamp with time zone DEFAULT now() NOT NULL
);


ALTER TABLE public.sessions OWNER TO postgres;

--
-- Name: sessions_id_seq; Type: SEQUENCE; Schema: public; Owner: postgres
--

ALTER TABLE public.sessions ALTER COLUMN id ADD GENERATED BY DEFAULT AS IDENTITY (
    SEQUENCE NAME public.sessions_id_seq
    START WITH 1
    INCREMENT BY 1
    NO MINVALUE
    NO MAXVALUE
    CACHE 1
);


--
-- Name: species; Type: TABLE; Schema: public; Owner: postgres
--

CREATE TABLE public.species (
    id integer NOT NULL,
    common_name public.citext NOT NULL,
    scientific_name character varying,
    gbif_taxon_key integer,
    created_at timestamp with time zone DEFAULT now() NOT NULL
);


ALTER TABLE public.species OWNER TO postgres;

--
-- Name: species_id_seq; Type: SEQUENCE; Schema: public; Owner: postgres
--

ALTER TABLE public.species ALTER COLUMN id ADD GENERATED BY DEFAULT AS IDENTITY (
    SEQUENCE NAME public.species_id_seq
    START WITH 1
    INCREMENT BY 1
    NO MINVALUE
    NO MAXVALUE
    CACHE 1
);


--
-- Name: tree_detail_history; Type: TABLE; Schema: public; Owner: postgres
--

CREATE TABLE public.tree_detail_history (
    id integer NOT NULL,
    tree_id integer NOT NULL,
    observation_id integer,
    probable_age_years integer,
    age_basis character varying,
    height_m numeric,
    height_method character varying,
    trunk_diameter_cm numeric,
    diameter_height_cm numeric,
    diameter_method character varying,
    canopy_diameter_m numeric,
    canopy_density character varying,
    recorded_by_user_id integer NOT NULL,
    recorded_at timestamp with time zone DEFAULT now() NOT NULL,
    approval_status public.approval_status DEFAULT 'pending'::public.approval_status NOT NULL,
    estimated_co2_stored_kg numeric(12,2),
    estimated_co2_sequestered_year_kg numeric(12,2),
    estimated_water_use_year_l numeric(14,2),
    weather_period_start date,
    weather_period_end date,
    weather_source character varying(100),
    calculation_method_version character varying(50),
    calculated_at timestamp with time zone
);


ALTER TABLE public.tree_detail_history OWNER TO postgres;

--
-- Name: tree_detail_history_id_seq; Type: SEQUENCE; Schema: public; Owner: postgres
--

ALTER TABLE public.tree_detail_history ALTER COLUMN id ADD GENERATED BY DEFAULT AS IDENTITY (
    SEQUENCE NAME public.tree_detail_history_id_seq
    START WITH 1
    INCREMENT BY 1
    NO MINVALUE
    NO MAXVALUE
    CACHE 1
);


--
-- Name: tree_health_history; Type: TABLE; Schema: public; Owner: postgres
--

CREATE TABLE public.tree_health_history (
    id integer NOT NULL,
    tree_id integer NOT NULL,
    observation_id integer NOT NULL,
    health_status character varying,
    risk_level character varying,
    created_at timestamp with time zone DEFAULT now() NOT NULL
);


ALTER TABLE public.tree_health_history OWNER TO postgres;

--
-- Name: tree_health_history_id_seq; Type: SEQUENCE; Schema: public; Owner: postgres
--

ALTER TABLE public.tree_health_history ALTER COLUMN id ADD GENERATED BY DEFAULT AS IDENTITY (
    SEQUENCE NAME public.tree_health_history_id_seq
    START WITH 1
    INCREMENT BY 1
    NO MINVALUE
    NO MAXVALUE
    CACHE 1
);


--
-- Name: tree_health_issues; Type: TABLE; Schema: public; Owner: postgres
--

CREATE TABLE public.tree_health_issues (
    id integer NOT NULL,
    tree_health_history_id integer NOT NULL,
    issue_type character varying,
    issue_name character varying,
    affected_part character varying,
    severity character varying,
    created_at timestamp with time zone DEFAULT now() NOT NULL
);


ALTER TABLE public.tree_health_issues OWNER TO postgres;

--
-- Name: tree_health_issues_id_seq; Type: SEQUENCE; Schema: public; Owner: postgres
--

ALTER TABLE public.tree_health_issues ALTER COLUMN id ADD GENERATED BY DEFAULT AS IDENTITY (
    SEQUENCE NAME public.tree_health_issues_id_seq
    START WITH 1
    INCREMENT BY 1
    NO MINVALUE
    NO MAXVALUE
    CACHE 1
);


--
-- Name: tree_wildlife_history; Type: TABLE; Schema: public; Owner: postgres
--

CREATE TABLE public.tree_wildlife_history (
    id integer NOT NULL,
    tree_id integer NOT NULL,
    observation_id integer NOT NULL,
    wildlife_species_id integer,
    life_stage character varying,
    count integer,
    evidence_type character varying,
    behaviour character varying,
    created_at timestamp with time zone DEFAULT now() NOT NULL
);


ALTER TABLE public.tree_wildlife_history OWNER TO postgres;

--
-- Name: tree_wildlife_history_id_seq; Type: SEQUENCE; Schema: public; Owner: postgres
--

ALTER TABLE public.tree_wildlife_history ALTER COLUMN id ADD GENERATED BY DEFAULT AS IDENTITY (
    SEQUENCE NAME public.tree_wildlife_history_id_seq
    START WITH 1
    INCREMENT BY 1
    NO MINVALUE
    NO MAXVALUE
    CACHE 1
);


--
-- Name: trees; Type: TABLE; Schema: public; Owner: postgres
--

CREATE TABLE public.trees (
    id integer NOT NULL,
    species_id integer,
    planted_at date,
    planted_by character varying,
    location_lat double precision NOT NULL,
    location_lng double precision NOT NULL,
    location extensions.geometry(Point,4326) GENERATED ALWAYS AS (extensions.st_setsrid(extensions.st_makepoint(location_lng, location_lat), 4326)) STORED,
    address_text character varying,
    adopted_by_user_id integer,
    created_by_user_id integer NOT NULL,
    created_at timestamp with time zone DEFAULT now() NOT NULL,
    approval_status public.approval_status DEFAULT 'pending'::public.approval_status NOT NULL,
    custom_species_name character varying
);


ALTER TABLE public.trees OWNER TO postgres;

--
-- Name: trees_id_seq; Type: SEQUENCE; Schema: public; Owner: postgres
--

ALTER TABLE public.trees ALTER COLUMN id ADD GENERATED BY DEFAULT AS IDENTITY (
    SEQUENCE NAME public.trees_id_seq
    START WITH 1
    INCREMENT BY 1
    NO MINVALUE
    NO MAXVALUE
    CACHE 1
);


--
-- Name: users; Type: TABLE; Schema: public; Owner: postgres
--

CREATE TABLE public.users (
    id integer NOT NULL,
    email character varying NOT NULL,
    password_hash character varying NOT NULL,
    display_name character varying,
    is_active boolean DEFAULT true NOT NULL,
    created_at timestamp with time zone DEFAULT now() NOT NULL,
    updated_at timestamp with time zone DEFAULT now() NOT NULL,
    admin_flag boolean DEFAULT false NOT NULL
);


ALTER TABLE public.users OWNER TO postgres;

--
-- Name: users_id_seq; Type: SEQUENCE; Schema: public; Owner: postgres
--

ALTER TABLE public.users ALTER COLUMN id ADD GENERATED BY DEFAULT AS IDENTITY (
    SEQUENCE NAME public.users_id_seq
    START WITH 1
    INCREMENT BY 1
    NO MINVALUE
    NO MAXVALUE
    CACHE 1
);


--
-- Name: wildlife_species; Type: TABLE; Schema: public; Owner: postgres
--

CREATE TABLE public.wildlife_species (
    id integer NOT NULL,
    common_name character varying NOT NULL,
    scientific_name character varying,
    taxon_key integer,
    created_at timestamp with time zone DEFAULT now() NOT NULL
);


ALTER TABLE public.wildlife_species OWNER TO postgres;

--
-- Name: wildlife_species_id_seq; Type: SEQUENCE; Schema: public; Owner: postgres
--

ALTER TABLE public.wildlife_species ALTER COLUMN id ADD GENERATED BY DEFAULT AS IDENTITY (
    SEQUENCE NAME public.wildlife_species_id_seq
    START WITH 1
    INCREMENT BY 1
    NO MINVALUE
    NO MAXVALUE
    CACHE 1
);


--
-- Data for Name: observation_photos; Type: TABLE DATA; Schema: public; Owner: postgres
--

COPY public.observation_photos (id, observation_id, uploaded_by_user_id, storage_key, created_at, approval_status) FROM stdin;
1	5	2	photos/b3e581ea-2f45-415e-9a73-c4b46e8bf2d0.jpg	2026-04-26 20:17:25.92242+00	approved
2	5	2	photos/b3e581ea-2f45-415e-9a73-c4b46e8bf2d0.jpg	2026-04-26 20:17:25.92242+00	approved
5	14	2	photos/18d08ad6-6b9f-4625-ae67-da56b477568a.jpg	2026-05-02 09:08:13.46971+00	approved
6	14	2	photos/18d08ad6-6b9f-4625-ae67-da56b477568a.jpg	2026-05-02 09:08:13.46971+00	approved
3	13	2	photos/e62b3eaf-9577-4d4b-aba1-37b5166bff1e.jpg	2026-05-02 09:08:10.426126+00	approved
4	13	2	photos/e62b3eaf-9577-4d4b-aba1-37b5166bff1e.jpg	2026-05-02 09:08:10.426126+00	approved
8	17	2	photos/27fa862a-5549-4867-91c2-bc3434dfed53.png	2026-05-02 11:03:44.634152+00	approved
9	17	2	photos/27fa862a-5549-4867-91c2-bc3434dfed53.png	2026-05-02 11:03:44.634152+00	approved
7	15	1	photos/ef098b69-8629-4554-829e-6f2896284808.jpg	2026-05-02 10:50:59.827843+00	approved
10	18	2	photos/a5c6d917-e654-424e-a084-c8de747675d4.jpg	2026-05-02 11:22:18.486314+00	approved
11	19	2	photos/88390ef9-9672-4fcf-bd93-1a728e1b70fa.jpg	2026-05-02 11:23:03.622866+00	approved
\.


--
-- Data for Name: observations; Type: TABLE DATA; Schema: public; Owner: postgres
--

COPY public.observations (id, tree_id, created_by_user_id, title, note_text, observed_at, created_at, approval_status) FROM stdin;
1	1	2	Hi	\N	\N	2026-04-26 19:05:59.08018+00	approved
2	1	2	Hiii	\N	\N	2026-04-26 19:40:59.502425+00	approved
3	1	2	Hi reject pls	\N	\N	2026-04-26 20:10:14.039758+00	rejected
4	2	2	Hi	\N	\N	2026-04-26 20:12:42.422277+00	approved
5	3	2	Tree	\N	\N	2026-04-26 20:17:25.92242+00	approved
7	4	2	Hi	\N	\N	2026-04-30 08:54:08.938408+00	approved
8	5	2	Tree	\N	\N	2026-04-30 09:16:40.933732+00	approved
9	5	2	Tree details	\N	\N	2026-04-30 09:22:41.812234+00	approved
10	5	2	Tree details	\N	\N	2026-04-30 09:22:42.536876+00	rejected
11	5	2	Tree details	\N	\N	2026-04-30 09:22:43.221862+00	rejected
12	1	2	Hi	\N	\N	2026-04-30 20:12:57.502107+00	approved
6	2	2	This is a test	helloooo	\N	2026-04-26 20:20:53.797348+00	approved
14	7	2	Tree on Iphone	\N	\N	2026-05-02 09:08:13.46971+00	approved
13	6	2	Tree on Samsung	\N	\N	2026-05-02 09:08:10.426126+00	approved
16	8	1	Hi	\N	\N	2026-05-02 10:56:18.604484+00	approved
17	9	2	Hi	\N	\N	2026-05-02 11:03:44.634152+00	approved
15	6	1	Heloo	\N	\N	2026-05-02 10:50:59.827843+00	approved
18	7	2	Aloe vera	\N	\N	2026-05-02 11:22:18.486314+00	approved
19	7	2	Aloe vera	\N	\N	2026-05-02 11:23:03.622866+00	approved
\.


--
-- Data for Name: sessions; Type: TABLE DATA; Schema: public; Owner: postgres
--

COPY public.sessions (id, user_id, refresh_token_hash, expires_at, last_used_at, revoked_at, device_label, user_agent, ip_address, created_at) FROM stdin;
1	1	e5911bab383dcad257cfc0a1e52398184457dfa540592e3a6977093dea0f8ac2	2026-05-26 19:05:32+00	\N	\N	expo	Expo/1017756 CFNetwork/3860.400.51 Darwin/25.3.0	192.168.65.1	2026-04-26 19:05:32.481827+00
2	2	adcd7814d520ca5c2f11d5b592da9f49d31f0d09cc369c927835d1a19d84fa8c	2026-05-26 19:05:33+00	2026-04-26 19:14:29.721968+00	2026-04-26 19:14:29.721968+00	expo	Expo/1017756 CFNetwork/3860.400.51 Darwin/25.3.0	192.168.65.1	2026-04-26 19:05:33.606725+00
3	2	82f277373665ede46af5cbb3b2529aa8d7fa535a938a997ef07f4ed4da838767	2026-05-26 19:14:29+00	2026-04-26 19:15:38.52952+00	2026-04-26 19:15:38.52952+00	expo	Expo/1017756 CFNetwork/3860.400.51 Darwin/25.3.0	192.168.65.1	2026-04-26 19:14:29.73504+00
4	2	88e7e35be9bcdcb3441f64597d7b22f18f44d4ef9bf4fb149ff69eb079b33f49	2026-05-26 19:15:38+00	2026-04-26 19:19:37.075097+00	2026-04-26 19:19:37.075097+00	expo	Expo/1017756 CFNetwork/3860.400.51 Darwin/25.3.0	192.168.65.1	2026-04-26 19:15:38.538299+00
5	2	4e37b8f40dd6586fc9ecee5a6349b593029c5e908eb978f774776a40a3812abc	2026-05-26 19:19:37+00	2026-04-26 19:22:00.010689+00	2026-04-26 19:22:00.010689+00	expo	Expo/1017756 CFNetwork/3860.400.51 Darwin/25.3.0	192.168.65.1	2026-04-26 19:19:37.085898+00
6	2	99c047dd6376d33c908ba9a549f66c6c02c55c66c1d822496cdcc502bda3d991	2026-05-26 19:22:00+00	2026-04-26 19:24:40.116184+00	2026-04-26 19:24:40.116184+00	expo	Expo/1017756 CFNetwork/3860.400.51 Darwin/25.3.0	192.168.65.1	2026-04-26 19:22:00.021166+00
7	2	8e02007fd5f14fd2d71550ee517cd9732ef251a6dbffc8eb5531289fb87b8764	2026-05-26 19:24:40+00	2026-04-26 19:27:28.140508+00	2026-04-26 19:27:28.140508+00	expo	Expo/1017756 CFNetwork/3860.400.51 Darwin/25.3.0	192.168.65.1	2026-04-26 19:24:40.126875+00
8	2	288f8302f52dc4bc8a1c7694c5b924179b4be1cc65db1a5680c07f140104d69f	2026-05-26 19:27:28+00	2026-04-26 19:28:31.072885+00	2026-04-26 19:28:31.072885+00	expo	Expo/1017756 CFNetwork/3860.400.51 Darwin/25.3.0	192.168.65.1	2026-04-26 19:27:28.151013+00
9	2	b32b8ae8e333c8bdc6aaeeace381d4abccf448e7c954ec4eedfe82ece03bc40a	2026-05-26 19:28:31+00	2026-04-26 19:31:20.676625+00	2026-04-26 19:31:20.676625+00	expo	Expo/1017756 CFNetwork/3860.400.51 Darwin/25.3.0	192.168.65.1	2026-04-26 19:28:31.083367+00
10	2	4a4f4499ca270cc9dafc661e344ea23c28075efc23f325dc3d1d7481c605d88c	2026-05-26 19:31:20+00	2026-04-26 19:34:25.417026+00	2026-04-26 19:34:25.417026+00	expo	Expo/1017756 CFNetwork/3860.400.51 Darwin/25.3.0	192.168.65.1	2026-04-26 19:31:20.688322+00
11	2	139c8b34bbbe3541f3348eed3a87d33d7fd82f25b9aa9a236703355e64d45c1d	2026-05-26 19:34:25+00	2026-04-26 19:36:30.299979+00	2026-04-26 19:36:30.299979+00	expo	Expo/1017756 CFNetwork/3860.400.51 Darwin/25.3.0	192.168.65.1	2026-04-26 19:34:25.438744+00
12	2	65c25332005f12f61a578e266f083bdd145c4556518ba16ab6ef8533c1527d5e	2026-05-26 19:36:30+00	2026-04-26 19:38:02.282554+00	2026-04-26 19:38:02.282554+00	expo	Expo/1017756 CFNetwork/3860.400.51 Darwin/25.3.0	192.168.65.1	2026-04-26 19:36:30.310452+00
13	2	8eea758d3ebec800c3339bd4157a40ef4dc14112d81883b5f4204d962be6f3f0	2026-05-26 19:38:02+00	2026-04-26 19:39:13.755925+00	2026-04-26 19:39:13.755925+00	expo	Expo/1017756 CFNetwork/3860.400.51 Darwin/25.3.0	192.168.65.1	2026-04-26 19:38:02.293268+00
14	2	0192f157dc32ade9d63c6ef56b17dcabb7c066fdb141d9d6888a5ab4c25457a5	2026-05-26 19:39:13+00	2026-04-26 19:40:29.382265+00	2026-04-26 19:40:29.382265+00	expo	Expo/1017756 CFNetwork/3860.400.51 Darwin/25.3.0	192.168.65.1	2026-04-26 19:39:13.766513+00
15	2	0531e31f1e9c56154a69a34b053483236b3171b8fcb183fc149403f9162c9d25	2026-05-26 19:40:29+00	2026-04-26 19:41:48.584922+00	2026-04-26 19:41:48.584922+00	expo	Expo/1017756 CFNetwork/3860.400.51 Darwin/25.3.0	192.168.65.1	2026-04-26 19:40:29.391545+00
16	2	3d072e19d2177d046a493b9d8e62a1c6cd8d8f92234a0f0c55b78ed01ec8c516	2026-05-26 19:41:48+00	2026-04-26 19:43:17.777296+00	2026-04-26 19:43:17.777296+00	expo	Expo/1017756 CFNetwork/3860.400.51 Darwin/25.3.0	192.168.65.1	2026-04-26 19:41:48.593793+00
17	2	901c68572e679bb648d8cd521c6945bbb10cbe8aff4c9327b94203dfe12c1234	2026-05-26 19:43:17+00	2026-04-26 19:45:37.518026+00	2026-04-26 19:45:37.518026+00	expo	Expo/1017756 CFNetwork/3860.400.51 Darwin/25.3.0	192.168.65.1	2026-04-26 19:43:17.787804+00
18	2	6b0ddec2db44cc9164d454b50e35e6f7c89181a2be82d0c7cb29fa8dfd392161	2026-05-26 19:45:37+00	2026-04-26 19:59:20.852615+00	2026-04-26 19:59:20.852615+00	expo	Expo/1017756 CFNetwork/3860.400.51 Darwin/25.3.0	192.168.65.1	2026-04-26 19:45:37.527593+00
19	2	d12a68c2bad61f430a841f1e56f29d14b0b42a6d4cfad09f8a8b6400a19b0045	2026-05-26 19:59:20+00	2026-04-26 20:00:37.325745+00	2026-04-26 20:00:37.325745+00	expo	Expo/1017756 CFNetwork/3860.400.51 Darwin/25.3.0	192.168.65.1	2026-04-26 19:59:20.86703+00
20	2	785c72936184f7b3bafda514a697cca71344d5315b5ce02300d845fd5f0f5e76	2026-05-26 20:00:37+00	2026-04-26 20:01:45.308303+00	2026-04-26 20:01:45.308303+00	expo	Expo/1017756 CFNetwork/3860.400.51 Darwin/25.3.0	192.168.65.1	2026-04-26 20:00:37.333871+00
21	2	130890ed3fb5c5d06bd9afa8600ee8ff67adc54d1fe366e6b8fb651c4f084e2c	2026-05-26 20:01:45+00	2026-04-26 20:03:00.480769+00	2026-04-26 20:03:00.480769+00	expo	Expo/1017756 CFNetwork/3860.400.51 Darwin/25.3.0	192.168.65.1	2026-04-26 20:01:45.318992+00
22	2	50cff734de4cd1aef395d0dee7d7132df9328dffd8b65b899209725d5c846fe7	2026-05-26 20:03:00+00	2026-04-26 20:05:10.807087+00	2026-04-26 20:05:10.807087+00	expo	Expo/1017756 CFNetwork/3860.400.51 Darwin/25.3.0	192.168.65.1	2026-04-26 20:03:00.491579+00
23	2	db42ec808fda843555f13c74658a578822888f1fafa3467a446a00b81d78cdef	2026-05-26 20:05:10+00	2026-04-26 20:07:13.925275+00	2026-04-26 20:07:13.925275+00	expo	Expo/1017756 CFNetwork/3860.400.51 Darwin/25.3.0	192.168.65.1	2026-04-26 20:05:10.817907+00
24	2	f7b41f279c7131e15871829a5fa87362a72502f1024897a5beb5c43ac5b60f0c	2026-05-26 20:07:13+00	2026-04-26 20:09:36.463+00	2026-04-26 20:09:36.463+00	expo	Expo/1017756 CFNetwork/3860.400.51 Darwin/25.3.0	192.168.65.1	2026-04-26 20:07:13.935879+00
25	2	25cd0de832ed206df4861b76aedcb26658375745fb3242839987ff1256c90517	2026-05-26 20:09:36+00	2026-04-26 20:10:36.213711+00	2026-04-26 20:10:36.213711+00	expo	Expo/1017756 CFNetwork/3860.400.51 Darwin/25.3.0	192.168.65.1	2026-04-26 20:09:36.473452+00
26	2	e9615f4e4e84ba5e4015015d51686171b0902f971ee2dbbef36d901a9cf3a65f	2026-05-26 20:10:36+00	2026-04-26 20:12:42.330393+00	2026-04-26 20:12:42.330393+00	expo	Expo/1017756 CFNetwork/3860.400.51 Darwin/25.3.0	192.168.65.1	2026-04-26 20:10:36.22248+00
27	2	6cc64e6cf39e7acf2f018774f0aa3ad753d286dbb016c0b9ffbbd253466d115c	2026-05-26 20:12:42+00	2026-04-26 20:17:25.67758+00	2026-04-26 20:17:25.67758+00	expo	Expo/1017756 CFNetwork/3860.400.51 Darwin/25.3.0	192.168.65.1	2026-04-26 20:12:42.340232+00
28	2	5234434acf566ce91ef618128004d833781153cb101b87398ba7992d7355c59e	2026-05-26 20:17:25+00	2026-04-26 20:20:23.506221+00	2026-04-26 20:20:23.506221+00	expo	Expo/1017756 CFNetwork/3860.400.51 Darwin/25.3.0	192.168.65.1	2026-04-26 20:17:25.685562+00
29	2	661b7a764282fc611dbb3056e8aaf2736a2a8fcf5c77deb3e0016b7dad8391df	2026-05-26 20:20:23+00	2026-04-26 20:21:53.545379+00	2026-04-26 20:21:53.545379+00	expo	Expo/1017756 CFNetwork/3860.400.51 Darwin/25.3.0	192.168.65.1	2026-04-26 20:20:23.516562+00
30	2	b111c149d5e96bd38b51d4924606913f22f9e1dab67dfadc47c0dc0119b82e20	2026-05-26 20:21:53+00	2026-04-30 08:44:17.823861+00	2026-04-30 08:44:17.823861+00	expo	Expo/1017756 CFNetwork/3860.400.51 Darwin/25.3.0	192.168.65.1	2026-04-26 20:21:53.554228+00
31	2	cd6d6219fe48166119a2445c2799ad918a8c2fe522432fb3cfcd6da4ac710fad	2026-05-30 08:44:17+00	2026-04-30 08:44:27.405303+00	2026-04-30 08:44:27.405303+00	expo	Expo/1017756 CFNetwork/3860.400.51 Darwin/25.3.0	192.168.65.1	2026-04-30 08:44:17.838469+00
32	2	7ef6c3c8ffd45e495b386b20f4bc5cd3612ca62b8a5c2a18889feccd35358ada	2026-05-30 08:44:42+00	2026-04-30 08:46:38.749556+00	2026-04-30 08:46:38.749556+00	expo	Expo/1017756 CFNetwork/3860.400.51 Darwin/25.3.0	192.168.65.1	2026-04-30 08:44:42.263387+00
33	2	43e97143e6b1d3b06d020969f00c6de894b5be9f63b613ee5cad756c602043b6	2026-05-30 08:46:38+00	2026-04-30 08:49:25.668075+00	2026-04-30 08:49:25.668075+00	expo	Expo/1017756 CFNetwork/3860.400.51 Darwin/25.3.0	192.168.65.1	2026-04-30 08:46:38.758729+00
34	2	b9d28c4217e3afb60b95068a5b4f645909fe5c85d9b691713b796084bb84377d	2026-05-30 08:49:25+00	2026-04-30 08:54:08.677147+00	2026-04-30 08:54:08.677147+00	expo	Expo/1017756 CFNetwork/3860.400.51 Darwin/25.3.0	192.168.65.1	2026-04-30 08:49:25.676153+00
35	2	51c5a7ad628edd48129bd47d1fc7577210758b51cdf8e765012e445d86f3110d	2026-05-30 08:54:08+00	2026-04-30 08:55:18.585341+00	2026-04-30 08:55:18.585341+00	expo	Expo/1017756 CFNetwork/3860.400.51 Darwin/25.3.0	192.168.65.1	2026-04-30 08:54:08.6854+00
36	2	bfad2649c1fce99c1ccdf9c086b645c4519b49c53f3b3a40a4f66b7b805aeaa6	2026-05-30 08:55:18+00	2026-04-30 09:02:55.549526+00	2026-04-30 09:02:55.549526+00	expo	Expo/1017756 CFNetwork/3860.400.51 Darwin/25.3.0	192.168.65.1	2026-04-30 08:55:18.593274+00
37	2	4cb061bdaab3b4506aaebe5034d6dc5d484a7aa9640b2d36fe63244e035a0771	2026-05-30 09:02:55+00	2026-04-30 09:09:17.789091+00	2026-04-30 09:09:17.789091+00	expo	Expo/1017756 CFNetwork/3860.400.51 Darwin/25.3.0	192.168.65.1	2026-04-30 09:02:55.560621+00
38	2	0280341c6652d2d51a742d9d2e3ee652287a0a0f0ff6ec5eae14952786c43e22	2026-05-30 09:10:03+00	2026-04-30 09:16:40.792755+00	2026-04-30 09:16:40.792755+00	expo	Expo/1017756 CFNetwork/3860.400.51 Darwin/25.3.0	192.168.65.1	2026-04-30 09:10:03.973421+00
39	2	9dc8c730142b234406646ba53585fc7c30a1cbaefeb66d124555adff7dd47bc2	2026-05-30 09:16:40+00	2026-04-30 09:20:05.579614+00	2026-04-30 09:20:05.579614+00	expo	Expo/1017756 CFNetwork/3860.400.51 Darwin/25.3.0	192.168.65.1	2026-04-30 09:16:40.803034+00
40	2	20a4fca655d9dd5406bceb3e59790e1340421bf93c1b727215c83609ba0292be	2026-05-30 09:20:05+00	2026-04-30 09:21:16.191313+00	2026-04-30 09:21:16.191313+00	expo	Expo/1017756 CFNetwork/3860.400.51 Darwin/25.3.0	192.168.65.1	2026-04-30 09:20:05.589615+00
41	2	6e27f0a32d8a28feaf934f91f0733691951de3b1f56a1c15da93c57352056ff0	2026-05-30 09:21:16+00	2026-04-30 09:22:41.49799+00	2026-04-30 09:22:41.49799+00	expo	Expo/1017756 CFNetwork/3860.400.51 Darwin/25.3.0	192.168.65.1	2026-04-30 09:21:16.203419+00
42	2	68a55597c5fba73d0600967eb63280a06284ee336420c1d1435a2167f32b85ca	2026-05-30 09:22:41+00	2026-04-30 09:23:42.531465+00	2026-04-30 09:23:42.531465+00	expo	Expo/1017756 CFNetwork/3860.400.51 Darwin/25.3.0	192.168.65.1	2026-04-30 09:22:41.507881+00
43	2	689527b06c00abb30a5cec5dc1e1977f766ac30b865df9be9c8daeda80576514	2026-05-30 09:23:42+00	2026-04-30 09:24:57.217771+00	2026-04-30 09:24:57.217771+00	expo	Expo/1017756 CFNetwork/3860.400.51 Darwin/25.3.0	192.168.65.1	2026-04-30 09:23:42.540032+00
44	2	e77063ff0f54ae5237eb77c50e538cf93ed21c201604c09319e6982e489c4bad	2026-05-30 09:24:57+00	2026-04-30 20:12:39.50224+00	2026-04-30 20:12:39.50224+00	expo	Expo/1017756 CFNetwork/3860.400.51 Darwin/25.3.0	192.168.65.1	2026-04-30 09:24:57.228585+00
45	2	6f29aa209050eb7020165552bc614a3a6bb74a5d013da3940cc4152278610399	2026-05-30 20:12:39+00	2026-04-30 20:13:44.126303+00	2026-04-30 20:13:44.126303+00	expo	Expo/1017756 CFNetwork/3860.400.51 Darwin/25.3.0	192.168.65.1	2026-04-30 20:12:39.512608+00
46	2	e9cd10668961004f3c538a7353fb41aac06c034a60c47a9cf407df767a877ba4	2026-05-30 20:13:44+00	2026-05-02 08:56:33.456495+00	2026-05-02 08:56:33.456495+00	expo	Expo/1017756 CFNetwork/3860.400.51 Darwin/25.3.0	192.168.65.1	2026-04-30 20:13:44.136007+00
47	2	df024df46482c60eb02ccf4014e031091d565511f51806b94e8107f72f1bd148	2026-06-01 08:56:33+00	2026-05-02 08:57:25.276482+00	2026-05-02 08:57:25.276482+00	expo	Expo/1017756 CFNetwork/3860.400.51 Darwin/25.3.0	192.168.65.1	2026-05-02 08:56:33.469657+00
48	2	657b191e4bd1baa568a02a499f344bcba0321c9c9329ce0150db1e54b5c84b53	2026-06-01 09:00:32+00	2026-05-02 09:02:43.850165+00	2026-05-02 09:02:43.850165+00	expo	okhttp/4.12.0	172.18.0.1	2026-05-02 09:00:32.809464+00
50	2	47403a52f208ab42aec5d404395cff17875ad1ad2a5cf6cb56b8e2b3832c3840	2026-06-01 09:02:43+00	2026-05-02 09:08:09.929163+00	2026-05-02 09:08:09.929163+00	expo	okhttp/4.12.0	172.18.0.1	2026-05-02 09:02:43.860594+00
49	2	b2ef0ca89e92f3b092f7d9d98ec44aeb21ba1eb27adf2e84ec19565d98b26169	2026-06-01 09:00:58+00	2026-05-02 09:08:12.809316+00	2026-05-02 09:08:12.809316+00	expo	Expo/1017756 CFNetwork/3860.400.51 Darwin/25.3.0	172.18.0.1	2026-05-02 09:00:58.699671+00
52	2	42f658710b812bd6177c657588d89691920f8231e3736d7f9789d9476dbbe9a5	2026-06-01 09:08:12+00	2026-05-02 09:10:03.197326+00	2026-05-02 09:10:03.197326+00	expo	Expo/1017756 CFNetwork/3860.400.51 Darwin/25.3.0	172.18.0.1	2026-05-02 09:08:12.819038+00
51	2	fff44a6673e1ff7d99d37ff0c7afd5adc97fd3703ebb45fd287fdc9f9498868e	2026-06-01 09:08:09+00	2026-05-02 09:10:09.181659+00	2026-05-02 09:10:09.181659+00	expo	okhttp/4.12.0	172.18.0.1	2026-05-02 09:08:09.954954+00
53	2	07f40137999d111dddf1601bd4aebab2cda1ac3e7c60f448765838c7725f02ea	2026-06-01 09:10:03+00	2026-05-02 09:11:37.781579+00	2026-05-02 09:11:37.781579+00	expo	Expo/1017756 CFNetwork/3860.400.51 Darwin/25.3.0	172.18.0.1	2026-05-02 09:10:03.207538+00
54	2	417333988df7eb64f2c5da20afedb847c6cf9774f97deca1c220d1015e3395a1	2026-06-01 09:10:09+00	2026-05-02 09:44:34.106205+00	2026-05-02 09:44:34.106205+00	expo	okhttp/4.12.0	172.18.0.1	2026-05-02 09:10:09.191602+00
55	2	53672d1eb7929b877861a26b1c16ae7856c69873fb13edc5e9b64282a39dc7b0	2026-06-01 09:11:37+00	2026-05-02 09:44:59.708949+00	2026-05-02 09:44:59.708949+00	expo	Expo/1017756 CFNetwork/3860.400.51 Darwin/25.3.0	172.18.0.1	2026-05-02 09:11:37.789156+00
56	2	f61b57d6c1fa59d0f092591b4c24c55246cb26fd645b993196349106e9f8c174	2026-06-01 09:44:34+00	2026-05-02 09:45:47.698481+00	2026-05-02 09:45:47.698481+00	expo	okhttp/4.12.0	172.18.0.1	2026-05-02 09:44:34.118053+00
57	2	b53a68b3120ffff30d3527f0ae420b728b64c8fe5fc3727e88e94c603e7e12cf	2026-06-01 09:44:59+00	2026-05-02 09:46:05.960791+00	2026-05-02 09:46:05.960791+00	expo	Expo/1017756 CFNetwork/3860.400.51 Darwin/25.3.0	172.18.0.1	2026-05-02 09:44:59.717836+00
59	2	97f673c3f98fcea361a910bfddc9bb4c4ec7bba8d8faeb7133af490f7fa0f9ee	2026-06-01 09:46:05+00	2026-05-02 09:47:09.094282+00	2026-05-02 09:47:09.094282+00	expo	Expo/1017756 CFNetwork/3860.400.51 Darwin/25.3.0	172.18.0.1	2026-05-02 09:46:05.968989+00
58	2	ffd22dbc3307dc7625757545dcdb11c327a3d37314e28ce2f54a3d0905954f5a	2026-06-01 09:45:47+00	2026-05-02 09:48:46.093915+00	2026-05-02 09:48:46.093915+00	expo	okhttp/4.12.0	172.18.0.1	2026-05-02 09:45:47.70924+00
60	2	670750409dd0923eb9ba229d098f06cdb7d94d8562febf16399f73f064f19c76	2026-06-01 09:47:09+00	2026-05-02 09:49:15.230739+00	2026-05-02 09:49:15.230739+00	expo	Expo/1017756 CFNetwork/3860.400.51 Darwin/25.3.0	172.18.0.1	2026-05-02 09:47:09.104034+00
61	2	bf9106e5c88c01ef463607f8e64d91d20e910fb1895b682da37f02a9161939a3	2026-06-01 09:48:46+00	2026-05-02 10:09:36.157191+00	2026-05-02 10:09:36.157191+00	expo	okhttp/4.12.0	172.18.0.1	2026-05-02 09:48:46.103441+00
63	2	4e4faf7c76594fbfbfee5779e4a20039f632ae12fe85f9dbea27fd252328a929	2026-06-01 10:09:36+00	2026-05-02 10:09:38.472877+00	2026-05-02 10:09:38.472877+00	expo	okhttp/4.12.0	172.18.0.1	2026-05-02 10:09:36.182839+00
62	2	d96c93cea5cf4584112bc11c8df26ff445d623f2c7ea6814457e0de52e46f469	2026-06-01 09:49:15+00	2026-05-02 10:11:51.373994+00	2026-05-02 10:11:51.373994+00	expo	Expo/1017756 CFNetwork/3860.400.51 Darwin/25.3.0	172.18.0.1	2026-05-02 09:49:15.23904+00
64	2	5df50be419a9be3690f5514fc8403fdfe0732164a6b04eacb731bca00182e047	2026-06-01 10:11:51+00	2026-05-02 10:11:53.285709+00	2026-05-02 10:11:53.285709+00	expo	Expo/1017756 CFNetwork/3860.400.51 Darwin/25.3.0	172.18.0.1	2026-05-02 10:11:51.387552+00
66	1	e997c34ecbe1c92dcd4b2041e683aab82a3312d873bec0eded2059574bd94a77	2026-06-01 10:12:26+00	\N	\N	expo	okhttp/4.12.0	192.168.65.1	2026-05-02 10:12:26.073209+00
65	1	7d7f2ff0be1c0e9ce859819c35eb902de7a5d424379b138cf025c23478a668d5	2026-06-01 10:12:03+00	2026-05-02 10:50:19.859673+00	2026-05-02 10:50:19.859673+00	expo	Expo/1017756 CFNetwork/3860.400.51 Darwin/25.3.0	192.168.65.1	2026-05-02 10:12:03.35985+00
67	1	2f093dcbc0e6531a89af00ec9fb8350babf790e86f49c4808c79c45d7b54d963	2026-06-01 10:50:19+00	2026-05-02 10:55:32.85505+00	2026-05-02 10:55:32.85505+00	expo	Expo/1017756 CFNetwork/3860.400.51 Darwin/25.3.0	192.168.65.1	2026-05-02 10:50:19.880712+00
68	1	8c704703adeac1907baac2b229b20e14dda5aab1979fce915c94c93836de80c8	2026-06-01 10:55:32+00	2026-05-02 10:57:56.221524+00	2026-05-02 10:57:56.221524+00	expo	Expo/1017756 CFNetwork/3860.400.51 Darwin/25.3.0	192.168.65.1	2026-05-02 10:55:32.868315+00
69	2	962d4985361efae0ad36fe63501ad76e641add6258159dbd41b70009435e4780	2026-06-01 10:58:12+00	2026-05-02 10:59:35.976265+00	2026-05-02 10:59:35.976265+00	expo	Expo/1017756 CFNetwork/3860.400.51 Darwin/25.3.0	192.168.65.1	2026-05-02 10:58:12.03143+00
70	2	2e8f27f15fcb31852f14b268c84597f07f9b2e5f142a9446bb6a05f8648c4ac7	2026-06-01 10:59:35+00	2026-05-02 11:03:10.112986+00	2026-05-02 11:03:10.112986+00	expo	Expo/1017756 CFNetwork/3860.400.51 Darwin/25.3.0	192.168.65.1	2026-05-02 10:59:35.990548+00
71	2	c9d3aca8b1d58537ee5751bf0c50b2623076c047c2b7eb3346038c650cecd8cb	2026-06-01 11:03:10+00	2026-05-02 11:21:40.949705+00	2026-05-02 11:21:40.949705+00	expo	Expo/1017756 CFNetwork/3860.400.51 Darwin/25.3.0	192.168.65.1	2026-05-02 11:03:10.120806+00
72	2	a9a1f6da4fb35e8c0a5df9d31950b277baf9eece9e5172444691fb73342a4f2e	2026-06-01 11:21:40+00	2026-05-02 11:23:03.355974+00	2026-05-02 11:23:03.355974+00	expo	Expo/1017756 CFNetwork/3860.400.51 Darwin/25.3.0	192.168.65.1	2026-05-02 11:21:40.961434+00
73	2	ce2ba8fdae255abb7efed63480912b3b5b2dc052d9b8cf7678c83b92b32565c5	2026-06-01 11:23:03+00	2026-05-02 11:24:24.734161+00	2026-05-02 11:24:24.734161+00	expo	Expo/1017756 CFNetwork/3860.400.51 Darwin/25.3.0	192.168.65.1	2026-05-02 11:23:03.363295+00
74	2	15106f843b6241b0aa35a10fe8c8aaf6dc09d16f09606230e8d9edac523406fa	2026-06-01 11:24:24+00	\N	\N	expo	Expo/1017756 CFNetwork/3860.400.51 Darwin/25.3.0	192.168.65.1	2026-05-02 11:24:24.741489+00
\.


--
-- Data for Name: spatial_ref_sys; Type: TABLE DATA; Schema: public; Owner: postgres
--

COPY extensions.spatial_ref_sys (srid, auth_name, auth_srid, srtext, proj4text) FROM stdin;
\.


--
-- Data for Name: species; Type: TABLE DATA; Schema: public; Owner: postgres
--

COPY public.species (id, common_name, scientific_name, gbif_taxon_key, created_at) FROM stdin;
1	English Oak	Quercus robur	2878688	2026-04-26 19:05:20.800093+00
2	Sessile Oak	Quercus petraea	2878676	2026-04-26 19:05:20.800093+00
3	Turkey Oak	Quercus cerris	2878663	2026-04-26 19:05:20.800093+00
4	Norway Maple	Acer platanoides	3189866	2026-04-26 19:05:20.800093+00
5	Field Maple	Acer campestre	3189852	2026-04-26 19:05:20.800093+00
6	Sycamore Maple	Acer pseudoplatanus	3189882	2026-04-26 19:05:20.800093+00
7	Silver Birch	Betula pendula	2875319	2026-04-26 19:05:20.800093+00
8	Downy Birch	Betula pubescens	2875289	2026-04-26 19:05:20.800093+00
9	European Beech	Fagus sylvatica	2875954	2026-04-26 19:05:20.800093+00
10	Common Ash	Fraxinus excelsior	3174476	2026-04-26 19:05:20.800093+00
11	Small-leaved Lime	Tilia cordata	2878015	2026-04-26 19:05:20.800093+00
12	Large-leaved Lime	Tilia platyphyllos	2878033	2026-04-26 19:05:20.800093+00
13	London Plane	Platanus × acerifolia	3190645	2026-04-26 19:05:20.800093+00
14	Wild Cherry	Prunus avium	3025938	2026-04-26 19:05:20.800093+00
15	Bird Cherry	Prunus padus	3025984	2026-04-26 19:05:20.800093+00
16	White Willow	Salix alba	5372777	2026-04-26 19:05:20.800093+00
17	Goat Willow	Salix caprea	5372706	2026-04-26 19:05:20.800093+00
18	Scots Pine	Pinus sylvestris	5285637	2026-04-26 19:05:20.800093+00
19	Norway Spruce	Picea abies	5285752	2026-04-26 19:05:20.800093+00
20	Silver Fir	Abies alba	5284231	2026-04-26 19:05:20.800093+00
21	Rowan	Sorbus aucuparia	2877605	2026-04-26 19:05:20.800093+00
22	Common Alder	Alnus glutinosa	2875034	2026-04-26 19:05:20.800093+00
23	Common Hawthorn	Crataegus monogyna	2876783	2026-04-26 19:05:20.800093+00
24	Black Poplar	Populus nigra	3190197	2026-04-26 19:05:20.800093+00
25	Grey Poplar	Populus × canescens	3190179	2026-04-26 19:05:20.800093+00
\.


--
-- Data for Name: tree_detail_history; Type: TABLE DATA; Schema: public; Owner: postgres
--

COPY public.tree_detail_history (id, tree_id, observation_id, probable_age_years, age_basis, height_m, height_method, trunk_diameter_cm, diameter_height_cm, diameter_method, canopy_diameter_m, canopy_density, recorded_by_user_id, recorded_at, approval_status, estimated_co2_stored_kg, estimated_co2_sequestered_year_kg, estimated_water_use_year_l, weather_period_start, weather_period_end, weather_source, calculation_method_version, calculated_at) FROM stdin;
1	1	1	2	tree_ring	2	laser	2	20	other	5	full	2	2026-04-26 19:05:59.08018+00	approved	2.03	0.12	16778.97	2025-04-26	2026-04-25	open-meteo	v1_simple	2026-04-26 19:05:59+00
2	1	2	3	visual_estimate	3	clinometer	3	3	caliper	3	full	2	2026-04-26 19:40:59.502425+00	approved	5.17	0.31	6040.43	2025-04-26	2026-04-25	open-meteo	v1_simple	2026-04-26 19:41:01+00
3	2	4	5	visual_estimate	2	app	2	2	caliper	3	full	2	2026-04-26 20:12:42.422277+00	approved	2.03	0.12	6040.51	2025-04-26	2026-04-25	open-meteo	v1_simple	2026-04-26 20:12:43+00
4	3	5	28	visual_estimate	2	clinometer	2	2	optical	2	full	2	2026-04-26 20:17:25.92242+00	rejected	2.03	0.12	2684.70	2025-04-26	2026-04-25	open-meteo	v1_simple	2026-04-26 20:17:26+00
6	4	7	1	tree_ring	1	laser	1	1	caliper	2	full	2	2026-04-30 08:54:08.938408+00	rejected	0.41	0.02	2703.68	2025-04-30	2026-04-29	open-meteo	v1_simple	2026-04-30 08:54:09+00
7	5	8	20	tree_ring	15	app	180	200	tape	8	full	2	2026-04-30 09:16:40.933732+00	rejected	70583.44	1411.67	43256.61	2025-04-30	2026-04-29	open-meteo	v1_simple	2026-04-30 09:16:42+00
8	5	9	1	visual_estimate	14	app	1	1	other	2	full	2	2026-04-30 09:22:41.812234+00	approved	0.46	0.03	2703.54	2025-04-30	2026-04-29	open-meteo	v1_simple	2026-04-30 09:22:42+00
9	5	10	1	visual_estimate	14	app	1	1	other	2	full	2	2026-04-30 09:22:42.536876+00	rejected	0.46	0.03	2703.54	2025-04-30	2026-04-29	open-meteo	v1_simple	2026-04-30 09:22:43+00
10	5	11	1	visual_estimate	14	app	1	1	other	2	full	2	2026-04-30 09:22:43.221862+00	rejected	0.46	0.03	2703.54	2025-04-30	2026-04-29	open-meteo	v1_simple	2026-04-30 09:22:43+00
5	2	6	5	visual_estimate	6	clinometer	2	13	other	5	full	2	2026-04-26 20:20:53.797348+00	approved	2.26	0.14	16779.19	2025-04-26	2026-04-25	open-meteo	v1_simple	2026-04-26 20:20:54+00
12	7	14	20	visual_estimate	10	laser	30	150	tape	5	full	2	2026-05-02 09:08:13.46971+00	approved	1145.39	45.82	16789.12	2025-05-02	2026-05-01	open-meteo	v1_simple	2026-05-02 09:08:13+00
11	6	13	30	other	5	tape	30	150	optical	3	full	2	2026-05-02 09:08:10.426126+00	approved	1145.39	45.82	6044.24	2025-05-02	2026-05-01	open-meteo	v1_simple	2026-05-02 09:08:10+00
13	8	16	\N	\N	2	\N	2	\N	\N	2	\N	1	2026-05-02 10:56:18.604484+00	approved	2.03	0.12	4943.17	2025-05-02	2026-05-01	open-meteo	v1_simple	2026-05-02 10:56:19+00
14	9	17	\N	\N	1	tape	1	\N	optical	1	full	2	2026-05-02 11:03:44.634152+00	approved	0.41	0.02	1359.37	2025-05-02	2026-05-01	open-meteo	v1_simple	2026-05-02 11:03:45+00
\.


--
-- Data for Name: tree_health_history; Type: TABLE DATA; Schema: public; Owner: postgres
--

COPY public.tree_health_history (id, tree_id, observation_id, health_status, risk_level, created_at) FROM stdin;
\.


--
-- Data for Name: tree_health_issues; Type: TABLE DATA; Schema: public; Owner: postgres
--

COPY public.tree_health_issues (id, tree_health_history_id, issue_type, issue_name, affected_part, severity, created_at) FROM stdin;
\.


--
-- Data for Name: tree_wildlife_history; Type: TABLE DATA; Schema: public; Owner: postgres
--

COPY public.tree_wildlife_history (id, tree_id, observation_id, wildlife_species_id, life_stage, count, evidence_type, behaviour, created_at) FROM stdin;
\.


--
-- Data for Name: trees; Type: TABLE DATA; Schema: public; Owner: postgres
--

COPY public.trees (id, species_id, planted_at, planted_by, location_lat, location_lng, address_text, adopted_by_user_id, created_by_user_id, created_at, approval_status, custom_species_name) FROM stdin;
3	8	\N	\N	52.12395654063	-2.0794447812064	\N	\N	2	2026-04-26 20:17:25.92242+00	approved	\N
4	23	\N	H	51.888013154183	-2.0888639063762	h	\N	2	2026-04-30 08:54:08.938408+00	approved	\N
5	\N	\N	Ffd	51.888454647537	-2.088767359766	\N	\N	2	2026-04-30 09:16:40.933732+00	rejected	Dfgfff
1	23	\N	\N	52.124315474813	-2.0786762587635	\N	\N	2	2026-04-26 19:05:59.08018+00	approved	\N
2	23	\N	Gergo	52.124265138977	-2.0796200245629	here	\N	2	2026-04-26 20:12:42.422277+00	approved	\N
8	22	\N	\N	52.13214469576	-2.0534402093075	\N	\N	1	2026-05-02 10:56:18.604484+00	approved	\N
9	23	\N	\N	52.111609490133	-2.0618967215517	\N	\N	2	2026-05-02 11:03:44.634152+00	approved	\N
6	22	\N	Sasmung	52.123933345646	-2.0783036202192	Samsung	\N	2	2026-05-02 09:08:10.426126+00	approved	\N
7	15	\N	Iphone	52.125051806081	-2.0785689165584	iphone	\N	2	2026-05-02 09:08:13.46971+00	approved	\N
\.


--
-- Data for Name: users; Type: TABLE DATA; Schema: public; Owner: postgres
--

COPY public.users (id, email, password_hash, display_name, is_active, created_at, updated_at, admin_flag) FROM stdin;
1	test@email.com	$argon2id$v=19$m=65536,t=4,p=1$c0VDY0FTZEdnUmdPSzRQNQ$oEYJm7QQv4zhVinRVeQN4nGBXIrTvEbsz/VAXW4baQA	Test_User	t	2026-04-26 19:05:31.997126+00	2026-04-26 19:05:31.997126+00	f
2	admin@email.com	$argon2id$v=19$m=65536,t=4,p=1$SndMdGNaMkx5T3dkUTVPbQ$8hNoQlrLUndqEJyU7CRU0HaS3uigIjJdYYiqqG6+HLE	Admin_User	t	2026-04-26 19:05:33.091741+00	2026-04-26 19:05:33.091741+00	t
\.


--
-- Data for Name: wildlife_species; Type: TABLE DATA; Schema: public; Owner: postgres
--

COPY public.wildlife_species (id, common_name, scientific_name, taxon_key, created_at) FROM stdin;
1	Robin	Erithacus rubecula	2492483	2026-04-26 19:05:21.128787+00
2	Blue Tit	Cyanistes caeruleus	2492413	2026-04-26 19:05:21.128787+00
3	Great Tit	Parus major	2492390	2026-04-26 19:05:21.128787+00
4	Blackbird	Turdus merula	2492557	2026-04-26 19:05:21.128787+00
5	Song Thrush	Turdus philomelos	2492570	2026-04-26 19:05:21.128787+00
6	Woodpecker (Great Spotted)	Dendrocopos major	2479737	2026-04-26 19:05:21.128787+00
7	Nuthatch	Sitta europaea	2494068	2026-04-26 19:05:21.128787+00
8	Treecreeper	Certhia familiaris	2494196	2026-04-26 19:05:21.128787+00
9	Jay	Garrulus glandarius	2482570	2026-04-26 19:05:21.128787+00
10	Squirrel (Grey)	Sciurus carolinensis	2437038	2026-04-26 19:05:21.128787+00
11	Squirrel (Red)	Sciurus vulgaris	2437034	2026-04-26 19:05:21.128787+00
12	Bat (Common Pipistrelle)	Pipistrellus pipistrellus	2432386	2026-04-26 19:05:21.128787+00
13	Bat (Brown Long-eared)	Plecotus auritus	2432467	2026-04-26 19:05:21.128787+00
14	Hedgehog	Erinaceus europaeus	2433628	2026-04-26 19:05:21.128787+00
15	Fox	Vulpes vulpes	2433629	2026-04-26 19:05:21.128787+00
16	Badger	Meles meles	2433699	2026-04-26 19:05:21.128787+00
17	Roe Deer	Capreolus capreolus	2441187	2026-04-26 19:05:21.128787+00
18	Stag Beetle	Lucanus cervus	1040876	2026-04-26 19:05:21.128787+00
19	Purple Hairstreak	Favonius quercus	1920432	2026-04-26 19:05:21.128787+00
20	Oak Marble Gall Wasp	Andricus kollari	1354498	2026-04-26 19:05:21.128787+00
\.


--
-- Name: observation_photos_id_seq; Type: SEQUENCE SET; Schema: public; Owner: postgres
--

SELECT pg_catalog.setval('public.observation_photos_id_seq', 11, true);


--
-- Name: observations_id_seq; Type: SEQUENCE SET; Schema: public; Owner: postgres
--

SELECT pg_catalog.setval('public.observations_id_seq', 19, true);


--
-- Name: sessions_id_seq; Type: SEQUENCE SET; Schema: public; Owner: postgres
--

SELECT pg_catalog.setval('public.sessions_id_seq', 74, true);


--
-- Name: species_id_seq; Type: SEQUENCE SET; Schema: public; Owner: postgres
--

SELECT pg_catalog.setval('public.species_id_seq', 25, true);


--
-- Name: tree_detail_history_id_seq; Type: SEQUENCE SET; Schema: public; Owner: postgres
--

SELECT pg_catalog.setval('public.tree_detail_history_id_seq', 14, true);


--
-- Name: tree_health_history_id_seq; Type: SEQUENCE SET; Schema: public; Owner: postgres
--

SELECT pg_catalog.setval('public.tree_health_history_id_seq', 1, false);


--
-- Name: tree_health_issues_id_seq; Type: SEQUENCE SET; Schema: public; Owner: postgres
--

SELECT pg_catalog.setval('public.tree_health_issues_id_seq', 1, false);


--
-- Name: tree_wildlife_history_id_seq; Type: SEQUENCE SET; Schema: public; Owner: postgres
--

SELECT pg_catalog.setval('public.tree_wildlife_history_id_seq', 1, false);


--
-- Name: trees_id_seq; Type: SEQUENCE SET; Schema: public; Owner: postgres
--

SELECT pg_catalog.setval('public.trees_id_seq', 9, true);


--
-- Name: users_id_seq; Type: SEQUENCE SET; Schema: public; Owner: postgres
--

SELECT pg_catalog.setval('public.users_id_seq', 2, true);


--
-- Name: wildlife_species_id_seq; Type: SEQUENCE SET; Schema: public; Owner: postgres
--

SELECT pg_catalog.setval('public.wildlife_species_id_seq', 20, true);


--
-- Name: observation_photos observation_photos_pkey; Type: CONSTRAINT; Schema: public; Owner: postgres
--

ALTER TABLE ONLY public.observation_photos
    ADD CONSTRAINT observation_photos_pkey PRIMARY KEY (id);


--
-- Name: observations observations_pkey; Type: CONSTRAINT; Schema: public; Owner: postgres
--

ALTER TABLE ONLY public.observations
    ADD CONSTRAINT observations_pkey PRIMARY KEY (id);


--
-- Name: sessions sessions_pkey; Type: CONSTRAINT; Schema: public; Owner: postgres
--

ALTER TABLE ONLY public.sessions
    ADD CONSTRAINT sessions_pkey PRIMARY KEY (id);


--
-- Name: sessions sessions_refresh_token_hash_key; Type: CONSTRAINT; Schema: public; Owner: postgres
--

ALTER TABLE ONLY public.sessions
    ADD CONSTRAINT sessions_refresh_token_hash_key UNIQUE (refresh_token_hash);


--
-- Name: species species_common_name_key; Type: CONSTRAINT; Schema: public; Owner: postgres
--

ALTER TABLE ONLY public.species
    ADD CONSTRAINT species_common_name_key UNIQUE (common_name);


--
-- Name: species species_pkey; Type: CONSTRAINT; Schema: public; Owner: postgres
--

ALTER TABLE ONLY public.species
    ADD CONSTRAINT species_pkey PRIMARY KEY (id);


--
-- Name: tree_detail_history tree_detail_history_pkey; Type: CONSTRAINT; Schema: public; Owner: postgres
--

ALTER TABLE ONLY public.tree_detail_history
    ADD CONSTRAINT tree_detail_history_pkey PRIMARY KEY (id);


--
-- Name: tree_health_history tree_health_history_pkey; Type: CONSTRAINT; Schema: public; Owner: postgres
--

ALTER TABLE ONLY public.tree_health_history
    ADD CONSTRAINT tree_health_history_pkey PRIMARY KEY (id);


--
-- Name: tree_health_issues tree_health_issues_pkey; Type: CONSTRAINT; Schema: public; Owner: postgres
--

ALTER TABLE ONLY public.tree_health_issues
    ADD CONSTRAINT tree_health_issues_pkey PRIMARY KEY (id);


--
-- Name: tree_wildlife_history tree_wildlife_history_pkey; Type: CONSTRAINT; Schema: public; Owner: postgres
--

ALTER TABLE ONLY public.tree_wildlife_history
    ADD CONSTRAINT tree_wildlife_history_pkey PRIMARY KEY (id);


--
-- Name: trees trees_pkey; Type: CONSTRAINT; Schema: public; Owner: postgres
--

ALTER TABLE ONLY public.trees
    ADD CONSTRAINT trees_pkey PRIMARY KEY (id);


--
-- Name: users users_email_key; Type: CONSTRAINT; Schema: public; Owner: postgres
--

ALTER TABLE ONLY public.users
    ADD CONSTRAINT users_email_key UNIQUE (email);


--
-- Name: users users_pkey; Type: CONSTRAINT; Schema: public; Owner: postgres
--

ALTER TABLE ONLY public.users
    ADD CONSTRAINT users_pkey PRIMARY KEY (id);


--
-- Name: wildlife_species wildlife_species_common_name_key; Type: CONSTRAINT; Schema: public; Owner: postgres
--

ALTER TABLE ONLY public.wildlife_species
    ADD CONSTRAINT wildlife_species_common_name_key UNIQUE (common_name);


--
-- Name: wildlife_species wildlife_species_pkey; Type: CONSTRAINT; Schema: public; Owner: postgres
--

ALTER TABLE ONLY public.wildlife_species
    ADD CONSTRAINT wildlife_species_pkey PRIMARY KEY (id);


--
-- Name: idx_health_history_observation; Type: INDEX; Schema: public; Owner: postgres
--

CREATE INDEX idx_health_history_observation ON public.tree_health_history USING btree (observation_id);


--
-- Name: idx_health_history_tree_id; Type: INDEX; Schema: public; Owner: postgres
--

CREATE INDEX idx_health_history_tree_id ON public.tree_health_history USING btree (tree_id);


--
-- Name: idx_health_issues_health_id; Type: INDEX; Schema: public; Owner: postgres
--

CREATE INDEX idx_health_issues_health_id ON public.tree_health_issues USING btree (tree_health_history_id);


--
-- Name: idx_observation_photos_approval; Type: INDEX; Schema: public; Owner: postgres
--

CREATE INDEX idx_observation_photos_approval ON public.observation_photos USING btree (approval_status);


--
-- Name: idx_observation_photos_obs_id; Type: INDEX; Schema: public; Owner: postgres
--

CREATE INDEX idx_observation_photos_obs_id ON public.observation_photos USING btree (observation_id);


--
-- Name: idx_observation_photos_uploader; Type: INDEX; Schema: public; Owner: postgres
--

CREATE INDEX idx_observation_photos_uploader ON public.observation_photos USING btree (uploaded_by_user_id);


--
-- Name: idx_observations_approval; Type: INDEX; Schema: public; Owner: postgres
--

CREATE INDEX idx_observations_approval ON public.observations USING btree (approval_status);


--
-- Name: idx_observations_created_by; Type: INDEX; Schema: public; Owner: postgres
--

CREATE INDEX idx_observations_created_by ON public.observations USING btree (created_by_user_id);


--
-- Name: idx_observations_tree_id; Type: INDEX; Schema: public; Owner: postgres
--

CREATE INDEX idx_observations_tree_id ON public.observations USING btree (tree_id);


--
-- Name: idx_sessions_expires_at; Type: INDEX; Schema: public; Owner: postgres
--

CREATE INDEX idx_sessions_expires_at ON public.sessions USING btree (expires_at);


--
-- Name: idx_sessions_user_id; Type: INDEX; Schema: public; Owner: postgres
--

CREATE INDEX idx_sessions_user_id ON public.sessions USING btree (user_id);


--
-- Name: idx_tree_detail_approval; Type: INDEX; Schema: public; Owner: postgres
--

CREATE INDEX idx_tree_detail_approval ON public.tree_detail_history USING btree (approval_status);


--
-- Name: idx_tree_detail_observation_id; Type: INDEX; Schema: public; Owner: postgres
--

CREATE INDEX idx_tree_detail_observation_id ON public.tree_detail_history USING btree (observation_id);


--
-- Name: idx_tree_detail_recorded_at; Type: INDEX; Schema: public; Owner: postgres
--

CREATE INDEX idx_tree_detail_recorded_at ON public.tree_detail_history USING btree (recorded_at);


--
-- Name: idx_tree_detail_tree_id; Type: INDEX; Schema: public; Owner: postgres
--

CREATE INDEX idx_tree_detail_tree_id ON public.tree_detail_history USING btree (tree_id);


--
-- Name: idx_tree_detail_tree_recorded; Type: INDEX; Schema: public; Owner: postgres
--

CREATE INDEX idx_tree_detail_tree_recorded ON public.tree_detail_history USING btree (tree_id, recorded_at);


--
-- Name: idx_trees_adopted_by_user_id; Type: INDEX; Schema: public; Owner: postgres
--

CREATE INDEX idx_trees_adopted_by_user_id ON public.trees USING btree (adopted_by_user_id);


--
-- Name: idx_trees_approval_status; Type: INDEX; Schema: public; Owner: postgres
--

CREATE INDEX idx_trees_approval_status ON public.trees USING btree (approval_status);


--
-- Name: idx_trees_lat_lng; Type: INDEX; Schema: public; Owner: postgres
--

CREATE INDEX idx_trees_lat_lng ON public.trees USING btree (location_lat, location_lng);


--
-- Name: idx_trees_location_gist; Type: INDEX; Schema: public; Owner: postgres
--

CREATE INDEX idx_trees_location_gist ON public.trees USING gist (location);


--
-- Name: idx_trees_species_id; Type: INDEX; Schema: public; Owner: postgres
--

CREATE INDEX idx_trees_species_id ON public.trees USING btree (species_id);


--
-- Name: idx_wildlife_history_observation; Type: INDEX; Schema: public; Owner: postgres
--

CREATE INDEX idx_wildlife_history_observation ON public.tree_wildlife_history USING btree (observation_id);


--
-- Name: idx_wildlife_history_species; Type: INDEX; Schema: public; Owner: postgres
--

CREATE INDEX idx_wildlife_history_species ON public.tree_wildlife_history USING btree (wildlife_species_id);


--
-- Name: idx_wildlife_history_tree_id; Type: INDEX; Schema: public; Owner: postgres
--

CREATE INDEX idx_wildlife_history_tree_id ON public.tree_wildlife_history USING btree (tree_id);


--
-- Name: observation_photos observation_photos_observation_id_fkey; Type: FK CONSTRAINT; Schema: public; Owner: postgres
--

ALTER TABLE ONLY public.observation_photos
    ADD CONSTRAINT observation_photos_observation_id_fkey FOREIGN KEY (observation_id) REFERENCES public.observations(id) ON DELETE CASCADE;


--
-- Name: observation_photos observation_photos_uploaded_by_user_id_fkey; Type: FK CONSTRAINT; Schema: public; Owner: postgres
--

ALTER TABLE ONLY public.observation_photos
    ADD CONSTRAINT observation_photos_uploaded_by_user_id_fkey FOREIGN KEY (uploaded_by_user_id) REFERENCES public.users(id);


--
-- Name: observations observations_created_by_user_id_fkey; Type: FK CONSTRAINT; Schema: public; Owner: postgres
--

ALTER TABLE ONLY public.observations
    ADD CONSTRAINT observations_created_by_user_id_fkey FOREIGN KEY (created_by_user_id) REFERENCES public.users(id);


--
-- Name: observations observations_tree_id_fkey; Type: FK CONSTRAINT; Schema: public; Owner: postgres
--

ALTER TABLE ONLY public.observations
    ADD CONSTRAINT observations_tree_id_fkey FOREIGN KEY (tree_id) REFERENCES public.trees(id) ON DELETE CASCADE;


--
-- Name: sessions sessions_user_id_fkey; Type: FK CONSTRAINT; Schema: public; Owner: postgres
--

ALTER TABLE ONLY public.sessions
    ADD CONSTRAINT sessions_user_id_fkey FOREIGN KEY (user_id) REFERENCES public.users(id) ON DELETE CASCADE;


--
-- Name: tree_detail_history tree_detail_history_observation_id_fkey; Type: FK CONSTRAINT; Schema: public; Owner: postgres
--

ALTER TABLE ONLY public.tree_detail_history
    ADD CONSTRAINT tree_detail_history_observation_id_fkey FOREIGN KEY (observation_id) REFERENCES public.observations(id) ON DELETE SET NULL;


--
-- Name: tree_detail_history tree_detail_history_recorded_by_user_id_fkey; Type: FK CONSTRAINT; Schema: public; Owner: postgres
--

ALTER TABLE ONLY public.tree_detail_history
    ADD CONSTRAINT tree_detail_history_recorded_by_user_id_fkey FOREIGN KEY (recorded_by_user_id) REFERENCES public.users(id);


--
-- Name: tree_detail_history tree_detail_history_tree_id_fkey; Type: FK CONSTRAINT; Schema: public; Owner: postgres
--

ALTER TABLE ONLY public.tree_detail_history
    ADD CONSTRAINT tree_detail_history_tree_id_fkey FOREIGN KEY (tree_id) REFERENCES public.trees(id) ON DELETE CASCADE;


--
-- Name: tree_health_history tree_health_history_observation_id_fkey; Type: FK CONSTRAINT; Schema: public; Owner: postgres
--

ALTER TABLE ONLY public.tree_health_history
    ADD CONSTRAINT tree_health_history_observation_id_fkey FOREIGN KEY (observation_id) REFERENCES public.observations(id) ON DELETE CASCADE;


--
-- Name: tree_health_history tree_health_history_tree_id_fkey; Type: FK CONSTRAINT; Schema: public; Owner: postgres
--

ALTER TABLE ONLY public.tree_health_history
    ADD CONSTRAINT tree_health_history_tree_id_fkey FOREIGN KEY (tree_id) REFERENCES public.trees(id) ON DELETE CASCADE;


--
-- Name: tree_health_issues tree_health_issues_tree_health_history_id_fkey; Type: FK CONSTRAINT; Schema: public; Owner: postgres
--

ALTER TABLE ONLY public.tree_health_issues
    ADD CONSTRAINT tree_health_issues_tree_health_history_id_fkey FOREIGN KEY (tree_health_history_id) REFERENCES public.tree_health_history(id) ON DELETE CASCADE;


--
-- Name: tree_wildlife_history tree_wildlife_history_observation_id_fkey; Type: FK CONSTRAINT; Schema: public; Owner: postgres
--

ALTER TABLE ONLY public.tree_wildlife_history
    ADD CONSTRAINT tree_wildlife_history_observation_id_fkey FOREIGN KEY (observation_id) REFERENCES public.observations(id) ON DELETE CASCADE;


--
-- Name: tree_wildlife_history tree_wildlife_history_tree_id_fkey; Type: FK CONSTRAINT; Schema: public; Owner: postgres
--

ALTER TABLE ONLY public.tree_wildlife_history
    ADD CONSTRAINT tree_wildlife_history_tree_id_fkey FOREIGN KEY (tree_id) REFERENCES public.trees(id) ON DELETE CASCADE;


--
-- Name: tree_wildlife_history tree_wildlife_history_wildlife_species_id_fkey; Type: FK CONSTRAINT; Schema: public; Owner: postgres
--

ALTER TABLE ONLY public.tree_wildlife_history
    ADD CONSTRAINT tree_wildlife_history_wildlife_species_id_fkey FOREIGN KEY (wildlife_species_id) REFERENCES public.wildlife_species(id);


--
-- Name: trees trees_adopted_by_user_id_fkey; Type: FK CONSTRAINT; Schema: public; Owner: postgres
--

ALTER TABLE ONLY public.trees
    ADD CONSTRAINT trees_adopted_by_user_id_fkey FOREIGN KEY (adopted_by_user_id) REFERENCES public.users(id);


--
-- Name: trees trees_created_by_user_id_fkey; Type: FK CONSTRAINT; Schema: public; Owner: postgres
--

ALTER TABLE ONLY public.trees
    ADD CONSTRAINT trees_created_by_user_id_fkey FOREIGN KEY (created_by_user_id) REFERENCES public.users(id);


--
-- Name: trees trees_species_id_fkey; Type: FK CONSTRAINT; Schema: public; Owner: postgres
--

ALTER TABLE ONLY public.trees
    ADD CONSTRAINT trees_species_id_fkey FOREIGN KEY (species_id) REFERENCES public.species(id);


--
-- PostgreSQL database dump complete
--

